protein_id	specie
HIN_037343	hin
HIN_012676	hin
HIN_003570	hin
HIN_005423	hin
HIN_005425	hin
HIN_005430	hin
HIN_009106	hin
HIN_018568	hin
HIN_018769	hin
HIN_018770	hin
HIN_048042	hin
HIN_048045	hin
HIN_048878	hin
HIN_048897	hin
HIN_048913	hin
HIN_048948	hin
HIN_062783	hin
HIN_073881	hin
HIN_073895	hin
HIN_079079	hin
HIN_080919	hin
HIN_091159	hin
HIN_091867	hin
HIN_007494	hin
HIN_016560	hin
HIN_022404	hin
HIN_023503	hin
HIN_039421	hin
HIN_056207	hin
HIN_070739	hin
HIN_070743	hin
HIN_070749	hin
HIN_091218	hin
HIN_041957	hin
HIN_000414	hin
HIN_000418	hin
HIN_003893	hin
HIN_003894	hin
HIN_003906	hin
HIN_003936	hin
HIN_003954	hin
HIN_004113	hin
HIN_007233	hin
HIN_009657	hin
HIN_009694	hin
HIN_015988	hin
HIN_021025	hin
HIN_021027	hin
HIN_021047	hin
HIN_021075	hin
HIN_021079	hin
HIN_022025	hin
HIN_024644	hin
HIN_024646	hin
HIN_024675	hin
HIN_025368	hin
HIN_025422	hin
HIN_025456	hin
HIN_029649	hin
HIN_032083	hin
HIN_032110	hin
HIN_033143	hin
HIN_033176	hin
HIN_033177	hin
HIN_033202	hin
HIN_033214	hin
HIN_033706	hin
HIN_033707	hin
HIN_033711	hin
HIN_033724	hin
HIN_033733	hin
HIN_033735	hin
HIN_033736	hin
HIN_042604	hin
HIN_042616	hin
HIN_042642	hin
HIN_042725	hin
HIN_042726	hin
HIN_042757	hin
HIN_043846	hin
HIN_044911	hin
HIN_053882	hin
HIN_053883	hin
HIN_057278	hin
HIN_060711	hin
HIN_060967	hin
HIN_069129	hin
HIN_074077	hin
HIN_076540	hin
HIN_078209	hin
HIN_078211	hin
HIN_078508	hin
HIN_078512	hin
HIN_090273	hin
HIN_090281	hin
HIN_092029	hin
HIN_092038	hin
HIN_094292	hin
HIN_099011	hin
HIN_100711	hin
HIN_007694	hin
HIN_015476	hin
HIN_015478	hin
HIN_015484	hin
HIN_016486	hin
HIN_016488	hin
HIN_016491	hin
HIN_016619	hin
HIN_016638	hin
HIN_021759	hin
HIN_023468	hin
HIN_031107	hin
HIN_035226	hin
HIN_038189	hin
HIN_038715	hin
HIN_040600	hin
HIN_052300	hin
HIN_061072	hin
HIN_074309	hin
HIN_075919	hin
HIN_076466	hin
HIN_088613	hin
HIN_088616	hin
HIN_088623	hin
HIN_090446	hin
HIN_099433	hin
HIN_099710	hin
HIN_003667	hin
HIN_005858	hin
HIN_006161	hin
HIN_006171	hin
HIN_006201	hin
HIN_006205	hin
HIN_006252	hin
HIN_007425	hin
HIN_011147	hin
HIN_014370	hin
HIN_014378	hin
HIN_014388	hin
HIN_014405	hin
HIN_014522	hin
HIN_018775	hin
HIN_020253	hin
HIN_022116	hin
HIN_023638	hin
HIN_023734	hin
HIN_023762	hin
HIN_023780	hin
HIN_023793	hin
HIN_024982	hin
HIN_025145	hin
HIN_026822	hin
HIN_027233	hin
HIN_027400	hin
HIN_027511	hin
HIN_030242	hin
HIN_032239	hin
HIN_037732	hin
HIN_038506	hin
HIN_039312	hin
HIN_040187	hin
HIN_040253	hin
HIN_052412	hin
HIN_053629	hin
HIN_058208	hin
HIN_059562	hin
HIN_063305	hin
HIN_067083	hin
HIN_075614	hin
HIN_079201	hin
HIN_081165	hin
HIN_081584	hin
HIN_086082	hin
HIN_090015	hin
HIN_091367	hin
HIN_091613	hin
HIN_097509	hin
HIN_097722	hin
HIN_098759	hin
HIN_100006	hin
HIN_040475	hin
HIN_054454	hin
HIN_071943	hin
HIN_014017	hin
HIN_018673	hin
HIN_041739	hin
HIN_043324	hin
HIN_043333	hin
HIN_043339	hin
HIN_043340	hin
HIN_043354	hin
HIN_043355	hin
HIN_043361	hin
HIN_043375	hin
HIN_043377	hin
HIN_043378	hin
HIN_043389	hin
HIN_043390	hin
HIN_043411	hin
HIN_043416	hin
HIN_044710	hin
HIN_044903	hin
HIN_050627	hin
HIN_050670	hin
HIN_050686	hin
HIN_050693	hin
HIN_050694	hin
HIN_050709	hin
HIN_050716	hin
HIN_050730	hin
HIN_050752	hin
HIN_050754	hin
HIN_050779	hin
HIN_054550	hin
HIN_058593	hin
HIN_068264	hin
HIN_068308	hin
HIN_069750	hin
HIN_073774	hin
HIN_074104	hin
HIN_075635	hin
HIN_075641	hin
HIN_075642	hin
HIN_075654	hin
HIN_075664	hin
HIN_075678	hin
HIN_084770	hin
HIN_084772	hin
HIN_084774	hin
HIN_084776	hin
HIN_084777	hin
HIN_084791	hin
HIN_084792	hin
HIN_084798	hin
HIN_084800	hin
HIN_084807	hin
HIN_084808	hin
HIN_084816	hin
HIN_084822	hin
HIN_084825	hin
HIN_086809	hin
HIN_092317	hin
HIN_092318	hin
HIN_092319	hin
HIN_092347	hin
HIN_092426	hin
HIN_094171	hin
HIN_094177	hin
HIN_094179	hin
HIN_094186	hin
HIN_098332	hin
HIN_098333	hin
HIN_033606	hin
HIN_015214	hin
HIN_029429	hin
HIN_093833	hin
HIN_094968	hin
HIN_096363	hin
HIN_099428	hin
HIN_099487	hin
HIN_032302	hin
HIN_034908	hin
HIN_072349	hin
HIN_087384	hin
HIN_007845	hin
HIN_038909	hin
HIN_046763	hin
HIN_062535	hin
HIN_096883	hin
HIN_033079	hin
HIN_033235	hin
HIN_033242	hin
HIN_033631	hin
HIN_033743	hin
HIN_033917	hin
HIN_033918	hin
HIN_033928	hin
HIN_033934	hin
HIN_033947	hin
HIN_033949	hin
HIN_033959	hin
HIN_033968	hin
HIN_034081	hin
HIN_034087	hin
HIN_034088	hin
HIN_034104	hin
HIN_034115	hin
HIN_035806	hin
HIN_042640	hin
HIN_051483	hin
HIN_069160	hin
HIN_080003	hin
HIN_080010	hin
HIN_080011	hin
HIN_080028	hin
HIN_080061	hin
HIN_094277	hin
HIN_021979	hin
HIN_021981	hin
HIN_022603	hin
HIN_022605	hin
HIN_022607	hin
HIN_027061	hin
HIN_027973	hin
HIN_028524	hin
HIN_028526	hin
HIN_028554	hin
HIN_043015	hin
HIN_043532	hin
HIN_043534	hin
HIN_043539	hin
HIN_043555	hin
HIN_058375	hin
HIN_059442	hin
HIN_059444	hin
HIN_059446	hin
HIN_061696	hin
HIN_068697	hin
HIN_068699	hin
HIN_068701	hin
HIN_068704	hin
HIN_073952	hin
HIN_076050	hin
HIN_084471	hin
HIN_084474	hin
HIN_084478	hin
HIN_091944	hin
HIN_091946	hin
HIN_091948	hin
HIN_091950	hin
HIN_096553	hin
HIN_096554	hin
HIN_096555	hin
HIN_006603	hin
HIN_008119	hin
HIN_073329	hin
HIN_073335	hin
HIN_017473	hin
HIN_017474	hin
HIN_017484	hin
HIN_017554	hin
HIN_017555	hin
HIN_017585	hin
HIN_017586	hin
HIN_017595	hin
HIN_027053	hin
HIN_027988	hin
HIN_039046	hin
HIN_039103	hin
HIN_049227	hin
HIN_049229	hin
HIN_052687	hin
HIN_052688	hin
HIN_052697	hin
HIN_067470	hin
HIN_067486	hin
HIN_067487	hin
HIN_067488	hin
HIN_067489	hin
HIN_067490	hin
HIN_067518	hin
HIN_067519	hin
HIN_067585	hin
HIN_067592	hin
HIN_067598	hin
HIN_076314	hin
HIN_076315	hin
HIN_076335	hin
HIN_076337	hin
HIN_076339	hin
HIN_076341	hin
HIN_076342	hin
HIN_076344	hin
HIN_076362	hin
HIN_020375	hin
HIN_002682	hin
HIN_002685	hin
HIN_002706	hin
HIN_002708	hin
HIN_021617	hin
HIN_021672	hin
HIN_021691	hin
HIN_031454	hin
HIN_031461	hin
HIN_031463	hin
HIN_031470	hin
HIN_031480	hin
HIN_031482	hin
HIN_035078	hin
HIN_045325	hin
HIN_045327	hin
HIN_045329	hin
HIN_045340	hin
HIN_045343	hin
HIN_068493	hin
HIN_079712	hin
HIN_079714	hin
HIN_079716	hin
HIN_079718	hin
HIN_079720	hin
HIN_081115	hin
HIN_085808	hin
HIN_085815	hin
HIN_097676	hin
HIN_000087	hin
HIN_000092	hin
HIN_000096	hin
HIN_000099	hin
HIN_000100	hin
HIN_000106	hin
HIN_000107	hin
HIN_011932	hin
HIN_011941	hin
HIN_011947	hin
HIN_011951	hin
HIN_011953	hin
HIN_011958	hin
HIN_011961	hin
HIN_013584	hin
HIN_013588	hin
HIN_013589	hin
HIN_013591	hin
HIN_013595	hin
HIN_013603	hin
HIN_013609	hin
HIN_013624	hin
HIN_016802	hin
HIN_054207	hin
HIN_075210	hin
HIN_093102	hin
HIN_004974	hin
HIN_004975	hin
HIN_005067	hin
HIN_012350	hin
HIN_012442	hin
HIN_012443	hin
HIN_032388	hin
HIN_002872	hin
HIN_002873	hin
HIN_002874	hin
HIN_015457	hin
HIN_015458	hin
HIN_015461	hin
HIN_015462	hin
HIN_015463	hin
HIN_015464	hin
HIN_015465	hin
HIN_015467	hin
HIN_015468	hin
HIN_015470	hin
HIN_015471	hin
HIN_015472	hin
HIN_015473	hin
HIN_016474	hin
HIN_016477	hin
HIN_016478	hin
HIN_016479	hin
HIN_016481	hin
HIN_016482	hin
HIN_016483	hin
HIN_088605	hin
HIN_088606	hin
HIN_088607	hin
HIN_088608	hin
HIN_099434	hin
HIN_099435	hin
HIN_098031	hin
HIN_000946	hin
HIN_000949	hin
HIN_001010	hin
HIN_003700	hin
HIN_004192	hin
HIN_005675	hin
HIN_012841	hin
HIN_012900	hin
HIN_027554	hin
HIN_029996	hin
HIN_046671	hin
HIN_087291	hin
HIN_099156	hin
HIN_002875	hin
HIN_002876	hin
HIN_003737	hin
HIN_003765	hin
HIN_003828	hin
HIN_024610	hin
HIN_029959	hin
HIN_042357	hin
HIN_046469	hin
HIN_047873	hin
HIN_050787	hin
HIN_050838	hin
HIN_050877	hin
HIN_065797	hin
HIN_065820	hin
HIN_074895	hin
HIN_074898	hin
HIN_084180	hin
HIN_086485	hin
HIN_087731	hin
HIN_087779	hin
HIN_089641	hin
HIN_097437	hin
HIN_021453	hin
HIN_021466	hin
HIN_026360	hin
HIN_026377	hin
HIN_026381	hin
HIN_026399	hin
HIN_026401	hin
HIN_026403	hin
HIN_026744	hin
HIN_026793	hin
HIN_039243	hin
HIN_039256	hin
HIN_039269	hin
HIN_039289	hin
HIN_039291	hin
HIN_045828	hin
HIN_045855	hin
HIN_045857	hin
HIN_045872	hin
HIN_056066	hin
HIN_089950	hin
HIN_095724	hin
HIN_100488	hin
HIN_011082	hin
HIN_028146	hin
HIN_028176	hin
HIN_028177	hin
HIN_028196	hin
HIN_039681	hin
HIN_059127	hin
HIN_059515	hin
HIN_064950	hin
HIN_064957	hin
HIN_066499	hin
HIN_068349	hin
HIN_083926	hin
HIN_085029	hin
HIN_095000	hin
HIN_096034	hin
HIN_097051	hin
HIN_099843	hin
HIN_005005	hin
HIN_005010	hin
HIN_005032	hin
HIN_012392	hin
HIN_023134	hin
HIN_023138	hin
HIN_023152	hin
HIN_043988	hin
HIN_047352	hin
HIN_047363	hin
HIN_047373	hin
HIN_050834	hin
HIN_066905	hin
HIN_066910	hin
HIN_066916	hin
HIN_066920	hin
HIN_072301	hin
HIN_002733	hin
HIN_016667	hin
HIN_016669	hin
HIN_016673	hin
HIN_024965	hin
HIN_027413	hin
HIN_031416	hin
HIN_031421	hin
HIN_040216	hin
HIN_043341	hin
HIN_045377	hin
HIN_054342	hin
HIN_054344	hin
HIN_054557	hin
HIN_075663	hin
HIN_076732	hin
HIN_076735	hin
HIN_089227	hin
HIN_089765	hin
HIN_092419	hin
HIN_011997	hin
HIN_021503	hin
HIN_026791	hin
HIN_028528	hin
HIN_045830	hin
HIN_049171	hin
HIN_056028	hin
HIN_074644	hin
HIN_095726	hin
HIN_096556	hin
HIN_074146	hin
HIN_011365	hin
HIN_011372	hin
HIN_011399	hin
HIN_011410	hin
HIN_042957	hin
HIN_052256	hin
HIN_052267	hin
HIN_083403	hin
HIN_083412	hin
HIN_083415	hin
HIN_095263	hin
HIN_095265	hin
HIN_095266	hin
HIN_100071	hin
HIN_016248	hin
HIN_016250	hin
HIN_016252	hin
HIN_040643	hin
HIN_040644	hin
HIN_040645	hin
HIN_040649	hin
HIN_040651	hin
HIN_040655	hin
HIN_052376	hin
HIN_071205	hin
HIN_071206	hin
HIN_071207	hin
HIN_071213	hin
HIN_100893	hin
HIN_006584	hin
HIN_008134	hin
HIN_012542	hin
HIN_012979	hin
HIN_023127	hin
HIN_023130	hin
HIN_023136	hin
HIN_023143	hin
HIN_034129	hin
HIN_043979	hin
HIN_043985	hin
HIN_043993	hin
HIN_047369	hin
HIN_047380	hin
HIN_100062	hin
HIN_028265	hin
HIN_028326	hin
HIN_028336	hin
HIN_053021	hin
HIN_053030	hin
HIN_062214	hin
HIN_062225	hin
HIN_080788	hin
HIN_080797	hin
HIN_082117	hin
HIN_090090	hin
HIN_090091	hin
HIN_021499	hin
HIN_021500	hin
HIN_021502	hin
HIN_021519	hin
HIN_056015	hin
HIN_056029	hin
HIN_056031	hin
HIN_056033	hin
HIN_056035	hin
HIN_056037	hin
HIN_074639	hin
HIN_074641	hin
HIN_074642	hin
HIN_087562	hin
HIN_041886	hin
HIN_041893	hin
HIN_058668	hin
HIN_058699	hin
HIN_058700	hin
HIN_069809	hin
HIN_071583	hin
HIN_072126	hin
HIN_082177	hin
HIN_082178	hin
HIN_082192	hin
HIN_082193	hin
HIN_085128	hin
HIN_097047	hin
HIN_041878	hin
HIN_041879	hin
HIN_041911	hin
HIN_058649	hin
HIN_072081	hin
HIN_072082	hin
HIN_072132	hin
HIN_074447	hin
HIN_074462	hin
HIN_082215	hin
HIN_096234	hin
HIN_096235	hin
HIN_051678	hin
HIN_051705	hin
HIN_022302	hin
HIN_022305	hin
HIN_036684	hin
HIN_036685	hin
HIN_056563	hin
HIN_056564	hin
HIN_066725	hin
HIN_066754	hin
HIN_077269	hin
HIN_077278	hin
HIN_078090	hin
HIN_078097	hin
HIN_072560	hin
HIN_080310	hin
HIN_097243	hin
HIN_098023	hin
HIN_036301	hin
HIN_036304	hin
HIN_076189	hin
HIN_078878	hin
HIN_089045	hin
HIN_089047	hin
HIN_089049	hin
HIN_062534	hin
HIN_096882	hin
HIN_021225	hin
HIN_057325	hin
HIN_022290	hin
HIN_022309	hin
HIN_036668	hin
HIN_036693	hin
HIN_056188	hin
HIN_056191	hin
HIN_056193	hin
HIN_056195	hin
HIN_056558	hin
HIN_056581	hin
HIN_049240	hin
HIN_049243	hin
HIN_049246	hin
HIN_058004	hin
HIN_092918	hin
HIN_092921	hin
HIN_092924	hin
HIN_099324	hin
HIN_099327	hin
HIN_099330	hin
HIN_099332	hin
HIN_034287	hin
HIN_034288	hin
HIN_057102	hin
HIN_069923	hin
HIN_069924	hin
HIN_069925	hin
HIN_077931	hin
HIN_077932	hin
HIN_001920	hin
HIN_015611	hin
HIN_029627	hin
HIN_029628	hin
HIN_022177	hin
HIN_033987	hin
HIN_036742	hin
HIN_036744	hin
HIN_036771	hin
HIN_036806	hin
HIN_045418	hin
HIN_045448	hin
HIN_045505	hin
HIN_100800	hin
HIN_011586	hin
HIN_011589	hin
HIN_058981	hin
HIN_058984	hin
HIN_094773	hin
HIN_094777	hin
HIN_100919	hin
HIN_016149	hin
HIN_033127	hin
HIN_033161	hin
HIN_033665	hin
HIN_042683	hin
HIN_042710	hin
HIN_069089	hin
HIN_082681	hin
HIN_093731	hin
HIN_008000	hin
HIN_008011	hin
HIN_014234	hin
HIN_041102	hin
HIN_041124	hin
HIN_028198	hin
HIN_028204	hin
HIN_085031	hin
HIN_085032	hin
HIN_085034	hin
HIN_095002	hin
HIN_095004	hin
HIN_096036	hin
HIN_096037	hin
HIN_030206	hin
HIN_030214	hin
HIN_038439	hin
HIN_038453	hin
HIN_050438	hin
HIN_050447	hin
HIN_050457	hin
HIN_059743	hin
HIN_059752	hin
HIN_033111	hin
HIN_033633	hin
HIN_033647	hin
HIN_042645	hin
HIN_042657	hin
HIN_042661	hin
HIN_068351	hin
HIN_068357	hin
HIN_069063	hin
HIN_039287	hin
HIN_055406	hin
HIN_055414	hin
HIN_063904	hin
HIN_063911	hin
HIN_073453	hin
HIN_073460	hin
HIN_074729	hin
HIN_074735	hin
HIN_008144	hin
HIN_011413	hin
HIN_022178	hin
HIN_042959	hin
HIN_042966	hin
HIN_045451	hin
HIN_052269	hin
HIN_067452	hin
HIN_100073	hin
HIN_011400	hin
HIN_011409	hin
HIN_052257	hin
HIN_052265	hin
HIN_083404	hin
HIN_083411	hin
HIN_095267	hin
HIN_100068	hin
HIN_100070	hin
HIN_028787	hin
HIN_040712	hin
HIN_040728	hin
HIN_052069	hin
HIN_052101	hin
HIN_099050	hin
HIN_100994	hin
HIN_028297	hin
HIN_028197	hin
HIN_063216	hin
HIN_082313	hin
HIN_085030	hin
HIN_095001	hin
HIN_095003	hin
HIN_096035	hin
HIN_085514	hin
HIN_084017	hin
HIN_084020	hin
HIN_006662	hin
HIN_016294	hin
HIN_016301	hin
HIN_040571	hin
HIN_040576	hin
HIN_073991	hin
HIN_092870	hin
HIN_028415	hin
HIN_043181	hin
HIN_053117	hin
HIN_062153	hin
HIN_080852	hin
HIN_083936	hin
HIN_003731	hin
HIN_003740	hin
HIN_029955	hin
HIN_029964	hin
HIN_050871	hin
HIN_050882	hin
HIN_084173	hin
HIN_084185	hin
HIN_006609	hin
HIN_006614	hin
HIN_008114	hin
HIN_055995	hin
HIN_056001	hin
HIN_073295	hin
HIN_073301	hin
HIN_008419	hin
HIN_055132	hin
HIN_060204	hin
HIN_066768	hin
HIN_083165	hin
HIN_088128	hin
HIN_088140	hin
HIN_008051	hin
HIN_008055	hin
HIN_014180	hin
HIN_014187	hin
HIN_041063	hin
HIN_041068	hin
HIN_041072	hin
HIN_076557	hin
HIN_014021	hin
HIN_014048	hin
HIN_041716	hin
HIN_041732	hin
HIN_041735	hin
HIN_044906	hin
HIN_044941	hin
HIN_009654	hin
HIN_024758	hin
HIN_024767	hin
HIN_025426	hin
HIN_043840	hin
HIN_003269	hin
HIN_019992	hin
HIN_021620	hin
HIN_035055	hin
HIN_097675	hin
HIN_098460	hin
HIN_017385	hin
HIN_024992	hin
HIN_027388	hin
HIN_040167	hin
HIN_047804	hin
HIN_049168	hin
HIN_016320	hin
HIN_016340	hin
HIN_040518	hin
HIN_040551	hin
HIN_092887	hin
HIN_092898	hin
HIN_018536	hin
HIN_018539	hin
HIN_078419	hin
HIN_078421	hin
HIN_011693	hin
HIN_011702	hin
HIN_079258	hin
HIN_079264	hin
HIN_086549	hin
HIN_086555	hin
HIN_015488	hin
HIN_016504	hin
HIN_034520	hin
HIN_036851	hin
HIN_045558	hin
HIN_045562	hin
HIN_058116	hin
HIN_050695	hin
HIN_023466	hin
HIN_023467	hin
HIN_038192	hin
HIN_075923	hin
HIN_080168	hin
HIN_030510	hin
HIN_040925	hin
HIN_061258	hin
HIN_066470	hin
HIN_025855	hin
HIN_025856	hin
HIN_025857	hin
HIN_043857	hin
HIN_043859	hin
HIN_046856	hin
HIN_051349	hin
HIN_062732	hin
HIN_092180	hin
HIN_096202	hin
HIN_039683	hin
HIN_059129	hin
HIN_059519	hin
HIN_064949	hin
HIN_049256	hin
HIN_057994	hin
HIN_079014	hin
HIN_091652	hin
HIN_092952	hin
HIN_052368	hin
HIN_071453	hin
HIN_074243	hin
HIN_083477	hin
HIN_003759	hin
HIN_050842	hin
HIN_050855	hin
HIN_084206	hin
HIN_087782	hin
HIN_004264	hin
HIN_031860	hin
HIN_064252	hin
HIN_086909	hin
HIN_007091	hin
HIN_029808	hin
HIN_029813	hin
HIN_044430	hin
HIN_085679	hin
HIN_000628	hin
HIN_002443	hin
HIN_003036	hin
HIN_027187	hin
HIN_027857	hin
HIN_078581	hin
HIN_080241	hin
HIN_030076	hin
HIN_048977	hin
HIN_062816	hin
HIN_018845	hin
HIN_019962	hin
HIN_063711	hin
HIN_073591	hin
HIN_019233	hin
HIN_019235	hin
HIN_049482	hin
HIN_021576	hin
HIN_074655	hin
HIN_074658	hin
HIN_087586	hin
HIN_090000	hin
HIN_020880	hin
HIN_058570	hin
HIN_064654	hin
HIN_081362	hin
HIN_091178	hin
HIN_012237	hin
HIN_054179	hin
HIN_091457	hin
HIN_016200	hin
HIN_036053	hin
HIN_036433	hin
HIN_037413	hin
HIN_037414	hin
HIN_035977	hin
HIN_036512	hin
HIN_081793	hin
HIN_082465	hin
HIN_033342	hin
HIN_034339	hin
HIN_062366	hin
HIN_069974	hin
HIN_033211	hin
HIN_033729	hin
HIN_042754	hin
HIN_069137	hin
HIN_034362	hin
HIN_062351	hin
HIN_069996	hin
HIN_034269	hin
HIN_057094	hin
HIN_069883	hin
HIN_077948	hin
HIN_037453	hin
HIN_049292	hin
HIN_057956	hin
HIN_078972	hin
HIN_026193	hin
HIN_039853	hin
HIN_085192	hin
HIN_030303	hin
HIN_038570	hin
HIN_050549	hin
HIN_050551	hin
HIN_028206	hin
HIN_085036	hin
HIN_096039	hin
HIN_028987	hin
HIN_053807	hin
HIN_088897	hin
HIN_092988	hin
HIN_072563	hin
HIN_080315	hin
HIN_097248	hin
HIN_098020	hin
HIN_047167	hin
HIN_057398	hin
HIN_063776	hin
HIN_100020	hin
HIN_043332	hin
HIN_050685	hin
HIN_075679	hin
HIN_094172	hin
HIN_044709	hin
HIN_050626	hin
HIN_054551	hin
HIN_092425	hin
HIN_052624	hin
HIN_077749	hin
HIN_090646	hin
HIN_093672	hin
HIN_052356	hin
HIN_071457	hin
HIN_074247	hin
HIN_083466	hin
HIN_054080	hin
HIN_059901	hin
HIN_072993	hin
HIN_005489	hin
HIN_025163	hin
HIN_006005	hin
HIN_029917	hin
HIN_040223	hin
HIN_056855	hin
HIN_032510	hin
HIN_002023	hin
HIN_002036	hin
HIN_015779	hin
HIN_003672	hin
HIN_030019	hin
HIN_049032	hin
HIN_062864	hin
HIN_002959	hin
HIN_078663	hin
HIN_080170	hin
HIN_083319	hin
HIN_003392	hin
HIN_059696	hin
HIN_077502	hin
HIN_089836	hin
HIN_020628	hin
HIN_046525	hin
HIN_053218	hin
HIN_079872	hin
HIN_020921	hin
HIN_064609	hin
HIN_081320	hin
HIN_091002	hin
HIN_020869	hin
HIN_058565	hin
HIN_064658	hin
HIN_091182	hin
HIN_018929	hin
HIN_069353	hin
HIN_023957	hin
HIN_030705	hin
HIN_068020	hin
HIN_071091	hin
HIN_021610	hin
HIN_035043	hin
HIN_085803	hin
HIN_097666	hin
HIN_018263	hin
HIN_033260	hin
HIN_065101	hin
HIN_070048	hin
HIN_018451	hin
HIN_033446	hin
HIN_055694	hin
HIN_083862	hin
HIN_016198	hin
HIN_017371	hin
HIN_047793	hin
HIN_049157	hin
HIN_039677	hin
HIN_036093	hin
HIN_036393	hin
HIN_037352	hin
HIN_051198	hin
HIN_075134	hin
HIN_093009	hin
HIN_048804	hin
HIN_069566	hin
HIN_075379	hin
HIN_044533	hin
HIN_089217	hin
HIN_047159	hin
HIN_057409	hin
HIN_063783	hin
HIN_023551	hin
HIN_082387	hin
HIN_024943	hin
HIN_027453	hin
HIN_067016	hin
HIN_024956	hin
HIN_027426	hin
HIN_040228	hin
HIN_024411	hin
HIN_046341	hin
HIN_065590	hin
HIN_033969	hin
HIN_034078	hin
HIN_079999	hin
HIN_034502	hin
HIN_050026	hin
HIN_084941	hin
HIN_033856	hin
HIN_034182	hin
HIN_067915	hin
HIN_029086	hin
HIN_030283	hin
HIN_038545	hin
HIN_050534	hin
HIN_060108	hin
HIN_063090	hin
HIN_081434	hin
HIN_054844	hin
HIN_067814	hin
HIN_079348	hin
HIN_057800	hin
HIN_085339	hin
HIN_087723	hin
HIN_096380	hin
HIN_096386	hin
HIN_099636	hin
HIN_085412	hin
HIN_091959	hin
HIN_095193	hin
HIN_083207	hin
HIN_088184	hin
HIN_092461	hin
HIN_070218	hin
HIN_094513	hin
HIN_095369	hin
HIN_080764	hin
HIN_082091	hin
HIN_090072	hin
HIN_023465	hin
HIN_038193	hin
HIN_075924	hin
HIN_044397	hin
HIN_090709	hin
HIN_078517	hin
HIN_005997	hin
HIN_006022	hin
HIN_029931	hin
HIN_056878	hin
HIN_006152	hin
HIN_014362	hin
HIN_023803	hin
HIN_006512	hin
HIN_008195	hin
HIN_046149	hin
HIN_008957	hin
HIN_029151	hin
HIN_096088	hin
HIN_009737	hin
HIN_024711	hin
HIN_025312	hin
HIN_001322	hin
HIN_001324	hin
HIN_015003	hin
HIN_001199	hin
HIN_001202	hin
HIN_013084	hin
HIN_001172	hin
HIN_013024	hin
HIN_013061	hin
HIN_005551	hin
HIN_027665	hin
HIN_048206	hin
HIN_004101	hin
HIN_060722	hin
HIN_060954	hin
HIN_004237	hin
HIN_031889	hin
HIN_064280	hin
HIN_019212	hin
HIN_049504	hin
HIN_053545	hin
HIN_020305	hin
HIN_031023	hin
HIN_060323	hin
HIN_020420	hin
HIN_030903	hin
HIN_041252	hin
HIN_018434	hin
HIN_055710	hin
HIN_018437	hin
HIN_033428	hin
HIN_055707	hin
HIN_022266	hin
HIN_036671	hin
HIN_056577	hin
HIN_022320	hin
HIN_036703	hin
HIN_056548	hin
HIN_023286	hin
HIN_038370	hin
HIN_050364	hin
HIN_023137	hin
HIN_047368	hin
HIN_023162	hin
HIN_043954	hin
HIN_047344	hin
HIN_021208	hin
HIN_031951	hin
HIN_012217	hin
HIN_054112	hin
HIN_060996	hin
HIN_011426	hin
HIN_052234	hin
HIN_095248	hin
HIN_090824	hin
HIN_010499	hin
HIN_032334	hin
HIN_072613	hin
HIN_009946	hin
HIN_024872	hin
HIN_091708	hin
HIN_017627	hin
HIN_052725	hin
HIN_076391	hin
HIN_015319	hin
HIN_029546	hin
HIN_016264	hin
HIN_040625	hin
HIN_071187	hin
HIN_026216	hin
HIN_039871	hin
HIN_020309	hin
HIN_031015	hin
HIN_037697	hin
HIN_058222	hin
HIN_035730	hin
HIN_051411	hin
HIN_030041	hin
HIN_002167	hin
HIN_015908	hin
HIN_001383	hin
HIN_013225	hin
HIN_015724	hin
HIN_078154	hin
HIN_059533	hin
HIN_047227	hin
HIN_089269	hin
HIN_048753	hin
HIN_048756	hin
HIN_044525	hin
HIN_089749	hin
HIN_052414	hin
HIN_091366	hin
HIN_082116	hin
HIN_090089	hin
HIN_073534	hin
HIN_079066	hin
HIN_006654	hin
HIN_008640	hin
HIN_009800	hin
HIN_017032	hin
HIN_017053	hin
HIN_018097	hin
HIN_018448	hin
HIN_018844	hin
HIN_020570	hin
HIN_025252	hin
HIN_029024	hin
HIN_032218	hin
HIN_032339	hin
HIN_032363	hin
HIN_033442	hin
HIN_036848	hin
HIN_037961	hin
HIN_038563	hin
HIN_038936	hin
HIN_039680	hin
HIN_039761	hin
HIN_041395	hin
HIN_044339	hin
HIN_045921	hin
HIN_047160	hin
HIN_048754	hin
HIN_050327	hin
HIN_051650	hin
HIN_053656	hin
HIN_053736	hin
HIN_053860	hin
HIN_055223	hin
HIN_056436	hin
HIN_057408	hin
HIN_062280	hin
HIN_062284	hin
HIN_063276	hin
HIN_063782	hin
HIN_064953	hin
HIN_064961	hin
HIN_072029	hin
HIN_074611	hin
HIN_075803	hin
HIN_076408	hin
HIN_082198	hin
HIN_082570	hin
HIN_082716	hin
HIN_083866	hin
HIN_085919	hin
HIN_088814	hin
HIN_088865	hin
HIN_093412	hin
HIN_093432	hin
HIN_096370	hin
HIN_100548	hin
HIN_100549	hin
SS50377_21346	spiro
SS50377_21386	spiro
SS50377_21414	spiro
SS50377_21442	spiro
SS50377_21453	spiro
SS50377_21561	spiro
SS50377_21583	spiro
SS50377_21613	spiro
SS50377_21631	spiro
SS50377_21666	spiro
SS50377_21685	spiro
SS50377_21695	spiro
SS50377_21712	spiro
SS50377_21734	spiro
SS50377_21744	spiro
SS50377_24305	spiro
SS50377_24608	spiro
SS50377_24619	spiro
SS50377_24621	spiro
SS50377_24622	spiro
SS50377_24623	spiro
SS50377_24649	spiro
SS50377_24651	spiro
SS50377_24668	spiro
SS50377_24787	spiro
SS50377_24807	spiro
SS50377_25200	spiro
SS50377_25201	spiro
SS50377_25269	spiro
SS50377_25770	spiro
SS50377_25898	spiro
SS50377_25906	spiro
SS50377_25913	spiro
SS50377_25918	spiro
SS50377_25919	spiro
SS50377_25927	spiro
SS50377_25928	spiro
SS50377_26220	spiro
SS50377_26233	spiro
SS50377_26321	spiro
SS50377_27079	spiro
SS50377_27082	spiro
SS50377_27091	spiro
SS50377_27094	spiro
SS50377_27168	spiro
SS50377_27171	spiro
SS50377_27731	spiro
SS50377_27912	spiro
SS50377_28374	spiro
SS50377_28504	spiro
SS50377_28513	spiro
SS50377_28523	spiro
SS50377_28527	spiro
SS50377_28553	spiro
SS50377_28555	spiro
SS50377_28556	spiro
SS50377_28557	spiro
SS50377_28558	spiro
SS50377_28559	spiro
SS50377_28560	spiro
SS50377_28566	spiro
SS50377_28595	spiro
SS50377_28596	spiro
SS50377_28601	spiro
SS50377_28602	spiro
SS50377_28613	spiro
SS50377_28632	spiro
SS50377_28633	spiro
SS50377_28634	spiro
SS50377_28653	spiro
SS50377_28655	spiro
SS50377_28656	spiro
SS50377_28657	spiro
SS50377_28658	spiro
SS50377_28661	spiro
SS50377_28662	spiro
SS50377_28663	spiro
SS50377_28664	spiro
SS50377_28668	spiro
SS50377_28669	spiro
SS50377_28671	spiro
SS50377_28672	spiro
SS50377_28673	spiro
SS50377_28723	spiro
SS50377_21393	spiro
SS50377_21426	spiro
SS50377_21428	spiro
SS50377_21431	spiro
SS50377_21436	spiro
SS50377_21543	spiro
SS50377_21548	spiro
SS50377_21556	spiro
SS50377_21564	spiro
SS50377_21570	spiro
SS50377_21576	spiro
SS50377_21580	spiro
SS50377_21585	spiro
SS50377_21609	spiro
SS50377_21612	spiro
SS50377_21618	spiro
SS50377_21624	spiro
SS50377_21647	spiro
SS50377_21665	spiro
SS50377_21676	spiro
SS50377_21715	spiro
SS50377_21732	spiro
SS50377_21736	spiro
SS50377_21737	spiro
SS50377_27931	spiro
SS50377_28498	spiro
SS50377_28520	spiro
SS50377_20474	spiro
SS50377_20478	spiro
SS50377_20491	spiro
SS50377_21627	spiro
SS50377_22604	spiro
SS50377_25961	spiro
SS50377_25969	spiro
SS50377_25994	spiro
SS50377_26007	spiro
SS50377_26040	spiro
SS50377_26042	spiro
SS50377_26060	spiro
SS50377_26061	spiro
SS50377_26063	spiro
SS50377_26064	spiro
SS50377_26076	spiro
SS50377_26078	spiro
SS50377_26080	spiro
SS50377_26081	spiro
SS50377_26083	spiro
SS50377_26085	spiro
SS50377_26086	spiro
SS50377_21365	spiro
SS50377_28443	spiro
SS50377_28444	spiro
SS50377_28445	spiro
SS50377_28446	spiro
SS50377_28447	spiro
SS50377_28448	spiro
SS50377_28449	spiro
SS50377_28450	spiro
SS50377_28451	spiro
SS50377_28455	spiro
SS50377_28456	spiro
SS50377_28457	spiro
SS50377_28458	spiro
SS50377_28459	spiro
SS50377_28460	spiro
SS50377_28461	spiro
SS50377_28462	spiro
SS50377_28463	spiro
SS50377_28464	spiro
SS50377_28465	spiro
SS50377_28466	spiro
SS50377_28467	spiro
SS50377_28468	spiro
SS50377_28469	spiro
SS50377_28470	spiro
SS50377_28471	spiro
SS50377_20326	spiro
SS50377_21314	spiro
SS50377_21327	spiro
SS50377_21345	spiro
SS50377_24844	spiro
SS50377_24865	spiro
SS50377_25106	spiro
SS50377_21400	spiro
SS50377_21419	spiro
SS50377_21475	spiro
SS50377_21476	spiro
SS50377_21477	spiro
SS50377_21478	spiro
SS50377_24183	spiro
SS50377_24187	spiro
SS50377_27750	spiro
SS50377_27757	spiro
SS50377_27767	spiro
SS50377_27773	spiro
SS50377_27802	spiro
SS50377_28384	spiro
SS50377_21434	spiro
SS50377_21550	spiro
SS50377_21621	spiro
SS50377_21645	spiro
SS50377_21668	spiro
SS50377_21694	spiro
SS50377_21699	spiro
SS50377_21742	spiro
SS50377_24778	spiro
SS50377_24808	spiro
SS50377_24811	spiro
SS50377_20832	spiro
SS50377_20867	spiro
SS50377_21319	spiro
SS50377_25899	spiro
SS50377_20762	spiro
SS50377_21328	spiro
SS50377_21336	spiro
SS50377_21344	spiro
SS50377_27369	spiro
SS50377_21374	spiro
SS50377_27711	spiro
SS50377_27732	spiro
SS50377_27739	spiro
SS50377_21397	spiro
SS50377_27916	spiro
SS50377_20525	spiro
SS50377_20541	spiro
SS50377_20567	spiro
SS50377_24782	spiro
SS50377_24800	spiro
SS50377_24218	spiro
SS50377_24230	spiro
SS50377_24245	spiro
SS50377_25092	spiro
SS50377_25098	spiro
SS50377_25100	spiro
SS50377_25103	spiro
SS50377_22708	spiro
SS50377_22715	spiro
SS50377_25771	spiro
SS50377_25773	spiro
SS50377_28316	spiro
SS50377_28614	spiro
SS50377_28677	spiro
SS50377_27245	spiro
SS50377_28733	spiro
SS50377_26183	spiro
SS50377_26184	spiro
SS50377_27208	spiro
SS50377_27212	spiro
SS50377_22542	spiro
SS50377_23733	spiro
SS50377_20835	spiro
SS50377_20840	spiro
SS50377_21778	spiro
SS50377_21788	spiro
SS50377_20176	spiro
SS50377_20177	spiro
SS50377_20350	spiro
SS50377_20577	spiro
SS50377_20611	spiro
SS50377_20681	spiro
SS50377_20914	spiro
SS50377_20942	spiro
SS50377_21088	spiro
SS50377_21114	spiro
SS50377_21239	spiro
SS50377_21246	spiro
SS50377_21902	spiro
SS50377_22159	spiro
SS50377_22166	spiro
SS50377_23127	spiro
SS50377_23139	spiro
SS50377_23212	spiro
SS50377_23248	spiro
SS50377_23347	spiro
SS50377_23450	spiro
SS50377_23776	spiro
SS50377_23863	spiro
SS50377_24033	spiro
SS50377_24204	spiro
SS50377_24296	spiro
SS50377_24425	spiro
SS50377_24452	spiro
SS50377_24590	spiro
SS50377_24726	spiro
SS50377_25347	spiro
SS50377_25557	spiro
SS50377_25872	spiro
SS50377_25900	spiro
SS50377_26178	spiro
SS50377_26545	spiro
SS50377_26667	spiro
SS50377_26838	spiro
SS50377_27059	spiro
SS50377_27412	spiro
SS50377_27578	spiro
SS50377_27707	spiro
SS50377_27847	spiro
SS50377_27981	spiro
SS50377_28043	spiro
SS50377_28280	spiro
SS50377_28332	spiro
GL50803_13728	wb
GL50803_112135	wb
GL50803_112673	wb
GL50803_113357	wb
GL50803_115066	wb
GL50803_26981	wb
GL50803_d26981	wb
GL50803_15250	wb
GL50803_41942	wb
GL50803_d15250	wb
GL50803_113319	wb
GL50803_113416	wb
GL50803_114180	wb
GL50803_28057	wb
GL50803_22553	wb
GL50803_28651	wb
GL50803_4532	wb
GL50803_27055	wb
GL50803_7718	wb
GL50803_14289	wb
GL50803_8325	wb
GL50803_8389	wb
GL50803_6148	wb
GL50803_15247	wb
GL50803_61675	wb
