protein_id	specie
GL50803_60030	species?
GL50803_d113304	species?
GL50803_d15250	species?
GL50803_113836	species?
GL50803_15250	species?
GL50803_113304	species?
GL50803_26894	species?
GL50803_113297	species?
GL50803_50028	species?
GL50803_116477	species?
GL50803_87706	species?
GL50803_50041	species?
GL50803_16374	species?
GL50803_39904	species?
GL50803_114813	species?
GL50803_137605	species?
GL50803_114891	species?
GL50803_50057	species?
GL50803_117440	species?
GL50803_d117440	species?
GL50803_113213	species?
GL50803_14586	species?
GL50803_d14586	species?
GL50803_14783	species?
GL50803_50064	species?
GL50803_50066	species?
GL50803_112207	species?
GL50803_50070	species?
GL50803_13390	species?
GL50803_137722	species?
GL50803_137723	species?
GL50803_37093	species?
GL50803_137721	species?
GL50803_91707	species?
GL50803_114089	species?
GL50803_101496	species?
GL50803_113319	species?
GL50803_28057	species?
GL50803_32607	species?
GL50803_137717	species?
GL50803_137715	species?
GL50803_137714	species?
GL50803_11470	species?
GL50803_16472	species?
GL50803_112693	species?
GL50803_41472	species?
GL50803_10659	species?
GL50803_137708	species?
GL50803_137707	species?
GL50803_40376	species?
GL50803_4313	species?
GL50803_11690	species?
GL50803_11692	species?
GL50803_15475	species?
GL50803_115742	species?
GL50803_50100	species?
GL50803_50101	species?
GL50803_50102	species?
GL50803_94003	species?
GL50803_102662	species?
GL50803_d14331	species?
GL50803_14331	species?
GL50803_16318	species?
GL50803_137617	species?
GL50803_115158	species?
GL50803_25816	species?
GL50803_137672	species?
GL50803_50116	species?
GL50803_111732	species?
GL50803_113531	species?
GL50803_16716	species?
GL50803_25238	species?
GL50803_16721	species?
GL50803_137681	species?
GL50803_50124	species?
GL50803_112584	species?
GL50803_50127	species?
GL50803_41401	species?
GL50803_113242	species?
GL50803_114626	species?
GL50803_15008	species?
GL50803_114617	species?
GL50803_137604	species?
GL50803_137697	species?
GL50803_13194	species?
GL50803_41626	species?
GL50803_50143	species?
GL50803_12063	species?
GL50803_103454	species?
GL50803_17476	species?
GL50803_41942	species?
GL50803_9276	species?
GL50803_40591	species?
GL50803_115202	species?
GL50803_103943	species?
GL50803_16501	species?
GL50803_d16501	species?
GL50803_137618	species?
GL50803_112432	species?
GL50803_14043	species?
GL50803_32933	species?
GL50803_113987	species?
GL50803_50163	species?
GL50803_114930	species?
GL50803_50165	species?
GL50803_112867	species?
GL50803_28626	species?
GL50803_17212	species?
GL50803_50169	species?
GL50803_d103992	species?
GL50803_103992	species?
GL50803_114042	species?
GL50803_137606	species?
GL50803_50181	species?
GL50803_11309	species?
GL50803_137608	species?
GL50803_5812	species?
GL50803_113357	species?
GL50803_137620	species?
GL50803_221693	species?
GL50803_114162	species?
GL50803_113024	species?
GL50803_50221	species?
GL50803_d50221	species?
GL50803_50225	species?
GL50803_17380	species?
GL50803_104087	species?
GL50803_21321	species?
GL50803_50229	species?
GL50803_d50229	species?
GL50803_14017	species?
GL50803_16842	species?
GL50803_50233	species?
GL50803_112828	species?
GL50803_50259	species?
GL50803_15317	species?
GL50803_d112801	species?
GL50803_112801	species?
GL50803_111933	species?
GL50803_111936	species?
GL50803_103142	species?
GL50803_101074	species?
GL50803_114852	species?
GL50803_112633	species?
GL50803_119706	species?
GL50803_119707	species?
GL50803_101380	species?
GL50803_14831	species?
GL50803_9003	species?
GL50803_50289	species?
GL50803_50290	species?
GL50803_102178	species?
GL50803_6372	species?
GL50803_91099	species?
GL50803_115830	species?
GL50803_115831	species?
GL50803_113512	species?
GL50803_137740	species?
GL50803_114470	species?
GL50803_137744	species?
GL50803_29147	species?
GL50803_24880	species?
GL50803_16936	species?
GL50803_15521	species?
GL50803_113801	species?
GL50803_113797	species?
GL50803_7715	species?
GL50803_14324	species?
GL50803_7946	species?
GL50803_113723	species?
GL50803_137752	species?
GL50803_114180	species?
GL50803_136003	species?
GL50803_136004	species?
GL50803_16158	species?
GL50803_d101765	species?
GL50803_101765	species?
GL50803_50317	species?
GL50803_114674	species?
GL50803_137613	species?
GL50803_101589	species?
GL50803_112305	species?
GL50803_112135	species?
GL50803_50332	species?
GL50803_d11521	species?
GL50803_11521	species?
GL50803_101832	species?
GL50803_d117204	species?
GL50803_117204	species?
GL50803_16454	species?
GL50803_113416	species?
GL50803_8595	species?
GL50803_113439	species?
GL50803_113450	species?
GL50803_9620	species?
GL50803_50345	species?
GL50803_27717	species?
GL50803_101010	species?
GL50803_115066	species?
GL50803_115047	species?
GL50803_33279	species?
GL50803_6509	species?
GL50803_114991	species?
GL50803_137732	species?
GL50803_117472	species?
GL50803_117473	species?
GL50803_11772	species?
GL50803_137729	species?
GL50803_15400	species?
GL50803_50359	species?
GL50803_134710	species?
GL50803_50363	species?
GL50803_137727	species?
GL50803_50366	species?
GL50803_50370	species?
GL50803_137614	species?
GL50803_137691	species?
GL50803_112126	species?
GL50803_137612	species?
GL50803_112113	species?
GL50803_50375	species?
GL50803_13727	species?
GL50803_13728	species?
GL50803_41227	species?
GL50803_50379	species?
GL50803_50380	species?
GL50803_101805	species?
GL50803_22547	species?
GL50803_14791	species?
GL50803_d115797	species?
GL50803_115797	species?
GL50803_d112208	species?
GL50803_112208	species?
GL50803_17328	species?
GL50803_50391	species?
GL50803_50392	species?
GL50803_112647	species?
GL50803_112673	species?
GL50803_89315	species?
GL50803_d26981	species?
GL50803_26981	species?
GL50803_113163	species?
GL50803_87628	species?
GL50803_7748	species?
GL50803_38901	species?
GL50803_50443	species?
